t	lab_wwtp_unique_id	log_conc	date	lod_sewage	below_LOD	daily_hosp_admits	daily_hosp_admits_for_eval	pop	forecast_date	hosp_calibration_time	site	ww_pop	inf_per_capita
1	1		2023-10-30			6	6	1e+06	2024-02-05	90	1	4e+05	0.000663426572737469
1	2		2023-10-30			6	6	1e+06	2024-02-05	90	1	4e+05	0.000663426572737469
1	3		2023-10-30			6	6	1e+06	2024-02-05	90	2	2e+05	0.000663426572737469
1	4		2023-10-30			6	6	1e+06	2024-02-05	90	3	1e+05	0.000663426572737469
1	5		2023-10-30			6	6	1e+06	2024-02-05	90	4	50000	0.000663426572737469
2	1		2023-10-31			8	8	1e+06	2024-02-05	90	1	4e+05	0.00068300916315395
2	2		2023-10-31			8	8	1e+06	2024-02-05	90	1	4e+05	0.00068300916315395
2	3	8.36481035293498	2023-10-31	4.01075017260572	0	8	8	1e+06	2024-02-05	90	2	2e+05	0.00068300916315395
2	4		2023-10-31			8	8	1e+06	2024-02-05	90	3	1e+05	0.00068300916315395
2	5		2023-10-31			8	8	1e+06	2024-02-05	90	4	50000	0.00068300916315395
3	1		2023-11-01			4	4	1e+06	2024-02-05	90	1	4e+05	0.000720865160318388
3	2		2023-11-01			4	4	1e+06	2024-02-05	90	1	4e+05	0.000720865160318388
3	3		2023-11-01			4	4	1e+06	2024-02-05	90	2	2e+05	0.000720865160318388
3	4		2023-11-01			4	4	1e+06	2024-02-05	90	3	1e+05	0.000720865160318388
3	5		2023-11-01			4	4	1e+06	2024-02-05	90	4	50000	0.000720865160318388
4	1	8.06994711561617	2023-11-02	3.80549506716936	0	8	8	1e+06	2024-02-05	90	1	4e+05	0.00076104521535863
4	2		2023-11-02			8	8	1e+06	2024-02-05	90	1	4e+05	0.00076104521535863
4	3		2023-11-02			8	8	1e+06	2024-02-05	90	2	2e+05	0.00076104521535863
4	4		2023-11-02			8	8	1e+06	2024-02-05	90	3	1e+05	0.00076104521535863
4	5		2023-11-02			8	8	1e+06	2024-02-05	90	4	50000	0.00076104521535863
5	1		2023-11-03			4	4	1e+06	2024-02-05	90	1	4e+05	0.000803295962116898
5	2		2023-11-03			4	4	1e+06	2024-02-05	90	1	4e+05	0.000803295962116898
5	3		2023-11-03			4	4	1e+06	2024-02-05	90	2	2e+05	0.000803295962116898
5	4		2023-11-03			4	4	1e+06	2024-02-05	90	3	1e+05	0.000803295962116898
5	5		2023-11-03			4	4	1e+06	2024-02-05	90	4	50000	0.000803295962116898
6	1		2023-11-04			6	6	1e+06	2024-02-05	90	1	4e+05	0.000848573477258153
6	2		2023-11-04			6	6	1e+06	2024-02-05	90	1	4e+05	0.000848573477258153
6	3		2023-11-04			6	6	1e+06	2024-02-05	90	2	2e+05	0.000848573477258153
6	4		2023-11-04			6	6	1e+06	2024-02-05	90	3	1e+05	0.000848573477258153
6	5		2023-11-04			6	6	1e+06	2024-02-05	90	4	50000	0.000848573477258153
7	1		2023-11-05			4	4	1e+06	2024-02-05	90	1	4e+05	0.000897005722285224
7	2		2023-11-05			4	4	1e+06	2024-02-05	90	1	4e+05	0.000897005722285224
7	3		2023-11-05			4	4	1e+06	2024-02-05	90	2	2e+05	0.000897005722285224
7	4		2023-11-05			4	4	1e+06	2024-02-05	90	3	1e+05	0.000897005722285224
7	5		2023-11-05			4	4	1e+06	2024-02-05	90	4	50000	0.000897005722285224
8	1		2023-11-06			8	8	1e+06	2024-02-05	90	1	4e+05	0.000891349326433801
8	2		2023-11-06			8	8	1e+06	2024-02-05	90	1	4e+05	0.000891349326433801
8	3		2023-11-06			8	8	1e+06	2024-02-05	90	2	2e+05	0.000891349326433801
8	4		2023-11-06			8	8	1e+06	2024-02-05	90	3	1e+05	0.000891349326433801
8	5		2023-11-06			8	8	1e+06	2024-02-05	90	4	50000	0.000891349326433801
9	1		2023-11-07			8	8	1e+06	2024-02-05	90	1	4e+05	0.000931363580626765
9	2		2023-11-07			8	8	1e+06	2024-02-05	90	1	4e+05	0.000931363580626765
9	3		2023-11-07			8	8	1e+06	2024-02-05	90	2	2e+05	0.000931363580626765
9	4		2023-11-07			8	8	1e+06	2024-02-05	90	3	1e+05	0.000931363580626765
9	5	7.30101935886591	2023-11-07	3.86712344199376	0	8	8	1e+06	2024-02-05	90	4	50000	0.000931363580626765
10	1		2023-11-08			5	5	1e+06	2024-02-05	90	1	4e+05	0.000962241003942569
10	2	8.62289790917382	2023-11-08	3.46396345552081	0	5	5	1e+06	2024-02-05	90	1	4e+05	0.000962241003942569
10	3		2023-11-08			5	5	1e+06	2024-02-05	90	2	2e+05	0.000962241003942569
10	4		2023-11-08			5	5	1e+06	2024-02-05	90	3	1e+05	0.000962241003942569
10	5		2023-11-08			5	5	1e+06	2024-02-05	90	4	50000	0.000962241003942569
11	1		2023-11-09			11	11	1e+06	2024-02-05	90	1	4e+05	0.000994116009532259
11	2		2023-11-09			11	11	1e+06	2024-02-05	90	1	4e+05	0.000994116009532259
11	3		2023-11-09			11	11	1e+06	2024-02-05	90	2	2e+05	0.000994116009532259
11	4		2023-11-09			11	11	1e+06	2024-02-05	90	3	1e+05	0.000994116009532259
11	5		2023-11-09			11	11	1e+06	2024-02-05	90	4	50000	0.000994116009532259
12	1	8.63601927420382	2023-11-10	3.80549506716936	0	10	10	1e+06	2024-02-05	90	1	4e+05	0.00102753251025335
12	2		2023-11-10			10	10	1e+06	2024-02-05	90	1	4e+05	0.00102753251025335
12	3		2023-11-10			10	10	1e+06	2024-02-05	90	2	2e+05	0.00102753251025335
12	4		2023-11-10			10	10	1e+06	2024-02-05	90	3	1e+05	0.00102753251025335
12	5		2023-11-10			10	10	1e+06	2024-02-05	90	4	50000	0.00102753251025335
13	1	8.7769160557112	2023-11-11	3.80549506716936	0	6	6	1e+06	2024-02-05	90	1	4e+05	0.00106205276321297
13	2		2023-11-11			6	6	1e+06	2024-02-05	90	1	4e+05	0.00106205276321297
13	3	8.07085011775403	2023-11-11	4.01075017260572	0	6	6	1e+06	2024-02-05	90	2	2e+05	0.00106205276321297
13	4		2023-11-11			6	6	1e+06	2024-02-05	90	3	1e+05	0.00106205276321297
13	5		2023-11-11			6	6	1e+06	2024-02-05	90	4	50000	0.00106205276321297
14	1		2023-11-12			9	9	1e+06	2024-02-05	90	1	4e+05	0.00109775949551849
14	2		2023-11-12			9	9	1e+06	2024-02-05	90	1	4e+05	0.00109775949551849
14	3		2023-11-12			9	9	1e+06	2024-02-05	90	2	2e+05	0.00109775949551849
14	4		2023-11-12			9	9	1e+06	2024-02-05	90	3	1e+05	0.00109775949551849
14	5		2023-11-12			9	9	1e+06	2024-02-05	90	4	50000	0.00109775949551849
15	1		2023-11-13			7	7	1e+06	2024-02-05	90	1	4e+05	0.00118548736868214
15	2		2023-11-13			7	7	1e+06	2024-02-05	90	1	4e+05	0.00118548736868214
15	3		2023-11-13			7	7	1e+06	2024-02-05	90	2	2e+05	0.00118548736868214
15	4		2023-11-13			7	7	1e+06	2024-02-05	90	3	1e+05	0.00118548736868214
15	5	7.56559007519856	2023-11-13	3.86712344199376	0	7	7	1e+06	2024-02-05	90	4	50000	0.00118548736868214
16	1		2023-11-14			7	7	1e+06	2024-02-05	90	1	4e+05	0.00123489074410856
16	2	9.14945816486916	2023-11-14	3.46396345552081	0	7	7	1e+06	2024-02-05	90	1	4e+05	0.00123489074410856
16	3	7.79259216965746	2023-11-14	4.01075017260572	0	7	7	1e+06	2024-02-05	90	2	2e+05	0.00123489074410856
16	4		2023-11-14			7	7	1e+06	2024-02-05	90	3	1e+05	0.00123489074410856
16	5	10.9889396162503	2023-11-14	3.86712344199376	0	7	7	1e+06	2024-02-05	90	4	50000	0.00123489074410856
17	1		2023-11-15			13	13	1e+06	2024-02-05	90	1	4e+05	0.0012971223308044
17	2		2023-11-15			13	13	1e+06	2024-02-05	90	1	4e+05	0.0012971223308044
17	3	8.08765357721804	2023-11-15	4.01075017260572	0	13	13	1e+06	2024-02-05	90	2	2e+05	0.0012971223308044
17	4		2023-11-15			13	13	1e+06	2024-02-05	90	3	1e+05	0.0012971223308044
17	5		2023-11-15			13	13	1e+06	2024-02-05	90	4	50000	0.0012971223308044
18	1	8.51517036359834	2023-11-16	3.80549506716936	0	7	7	1e+06	2024-02-05	90	1	4e+05	0.00136244887607943
18	2		2023-11-16			7	7	1e+06	2024-02-05	90	1	4e+05	0.00136244887607943
18	3		2023-11-16			7	7	1e+06	2024-02-05	90	2	2e+05	0.00136244887607943
18	4		2023-11-16			7	7	1e+06	2024-02-05	90	3	1e+05	0.00136244887607943
18	5	9.93514217966295	2023-11-16	3.86712344199376	0	7	7	1e+06	2024-02-05	90	4	50000	0.00136244887607943
19	1		2023-11-17			9	9	1e+06	2024-02-05	90	1	4e+05	0.00143067886419521
19	2		2023-11-17			9	9	1e+06	2024-02-05	90	1	4e+05	0.00143067886419521
19	3		2023-11-17			9	9	1e+06	2024-02-05	90	2	2e+05	0.00143067886419521
19	4		2023-11-17			9	9	1e+06	2024-02-05	90	3	1e+05	0.00143067886419521
19	5		2023-11-17			9	9	1e+06	2024-02-05	90	4	50000	0.00143067886419521
20	1		2023-11-18			8	8	1e+06	2024-02-05	90	1	4e+05	0.0015024490166559
20	2		2023-11-18			8	8	1e+06	2024-02-05	90	1	4e+05	0.0015024490166559
20	3		2023-11-18			8	8	1e+06	2024-02-05	90	2	2e+05	0.0015024490166559
20	4		2023-11-18			8	8	1e+06	2024-02-05	90	3	1e+05	0.0015024490166559
20	5		2023-11-18			8	8	1e+06	2024-02-05	90	4	50000	0.0015024490166559
21	1	8.91358538794599	2023-11-19	3.80549506716936	0	7	7	1e+06	2024-02-05	90	1	4e+05	0.001577887132097
21	2		2023-11-19			7	7	1e+06	2024-02-05	90	1	4e+05	0.001577887132097
21	3		2023-11-19			7	7	1e+06	2024-02-05	90	2	2e+05	0.001577887132097
21	4		2023-11-19			7	7	1e+06	2024-02-05	90	3	1e+05	0.001577887132097
21	5		2023-11-19			7	7	1e+06	2024-02-05	90	4	50000	0.001577887132097
22	1		2023-11-20			7	7	1e+06	2024-02-05	90	1	4e+05	0.00157949362228245
22	2		2023-11-20			7	7	1e+06	2024-02-05	90	1	4e+05	0.00157949362228245
22	3		2023-11-20			7	7	1e+06	2024-02-05	90	2	2e+05	0.00157949362228245
22	4		2023-11-20			7	7	1e+06	2024-02-05	90	3	1e+05	0.00157949362228245
22	5		2023-11-20			7	7	1e+06	2024-02-05	90	4	50000	0.00157949362228245
23	1		2023-11-21			11	11	1e+06	2024-02-05	90	1	4e+05	0.00164502885114781
23	2		2023-11-21			11	11	1e+06	2024-02-05	90	1	4e+05	0.00164502885114781
23	3	8.40842353113087	2023-11-21	4.01075017260572	0	11	11	1e+06	2024-02-05	90	2	2e+05	0.00164502885114781
23	4	9.0135852111729	2023-11-21	3.57608017908556	0	11	11	1e+06	2024-02-05	90	3	1e+05	0.00164502885114781
23	5		2023-11-21			11	11	1e+06	2024-02-05	90	4	50000	0.00164502885114781
24	1		2023-11-22			17	17	1e+06	2024-02-05	90	1	4e+05	0.00169799949177993
24	2		2023-11-22			17	17	1e+06	2024-02-05	90	1	4e+05	0.00169799949177993
24	3		2023-11-22			17	17	1e+06	2024-02-05	90	2	2e+05	0.00169799949177993
24	4	8.17923398023512	2023-11-22	3.57608017908556	0	17	17	1e+06	2024-02-05	90	3	1e+05	0.00169799949177993
24	5		2023-11-22			17	17	1e+06	2024-02-05	90	4	50000	0.00169799949177993
25	1		2023-11-23			5	5	1e+06	2024-02-05	90	1	4e+05	0.00175271129382294
25	2		2023-11-23			5	5	1e+06	2024-02-05	90	1	4e+05	0.00175271129382294
25	3		2023-11-23			5	5	1e+06	2024-02-05	90	2	2e+05	0.00175271129382294
25	4	8.80015944143164	2023-11-23	3.57608017908556	0	5	5	1e+06	2024-02-05	90	3	1e+05	0.00175271129382294
25	5		2023-11-23			5	5	1e+06	2024-02-05	90	4	50000	0.00175271129382294
26	1	9.11537097218074	2023-11-24	3.80549506716936	0	14	14	1e+06	2024-02-05	90	1	4e+05	0.00180990448808453
26	2		2023-11-24			14	14	1e+06	2024-02-05	90	1	4e+05	0.00180990448808453
26	3		2023-11-24			14	14	1e+06	2024-02-05	90	2	2e+05	0.00180990448808453
26	4		2023-11-24			14	14	1e+06	2024-02-05	90	3	1e+05	0.00180990448808453
26	5		2023-11-24			14	14	1e+06	2024-02-05	90	4	50000	0.00180990448808453
27	1		2023-11-25			9	9	1e+06	2024-02-05	90	1	4e+05	0.00186897576775536
27	2		2023-11-25			9	9	1e+06	2024-02-05	90	1	4e+05	0.00186897576775536
27	3	8.98637293859266	2023-11-25	4.01075017260572	0	9	9	1e+06	2024-02-05	90	2	2e+05	0.00186897576775536
27	4		2023-11-25			9	9	1e+06	2024-02-05	90	3	1e+05	0.00186897576775536
27	5		2023-11-25			9	9	1e+06	2024-02-05	90	4	50000	0.00186897576775536
28	1		2023-11-26			10	10	1e+06	2024-02-05	90	1	4e+05	0.0019300544630776
28	2		2023-11-26			10	10	1e+06	2024-02-05	90	1	4e+05	0.0019300544630776
28	3	8.65889243616303	2023-11-26	4.01075017260572	0	10	10	1e+06	2024-02-05	90	2	2e+05	0.0019300544630776
28	4		2023-11-26			10	10	1e+06	2024-02-05	90	3	1e+05	0.0019300544630776
28	5		2023-11-26			10	10	1e+06	2024-02-05	90	4	50000	0.0019300544630776
29	1		2023-11-27			16	16	1e+06	2024-02-05	90	1	4e+05	0.00205882259115435
29	2		2023-11-27			16	16	1e+06	2024-02-05	90	1	4e+05	0.00205882259115435
29	3		2023-11-27			16	16	1e+06	2024-02-05	90	2	2e+05	0.00205882259115435
29	4		2023-11-27			16	16	1e+06	2024-02-05	90	3	1e+05	0.00205882259115435
29	5		2023-11-27			16	16	1e+06	2024-02-05	90	4	50000	0.00205882259115435
30	1		2023-11-28			11	11	1e+06	2024-02-05	90	1	4e+05	0.00213837716378528
30	2		2023-11-28			11	11	1e+06	2024-02-05	90	1	4e+05	0.00213837716378528
30	3		2023-11-28			11	11	1e+06	2024-02-05	90	2	2e+05	0.00213837716378528
30	4		2023-11-28			11	11	1e+06	2024-02-05	90	3	1e+05	0.00213837716378528
30	5		2023-11-28			11	11	1e+06	2024-02-05	90	4	50000	0.00213837716378528
31	1		2023-11-29			15	15	1e+06	2024-02-05	90	1	4e+05	0.0022349415558482
31	2		2023-11-29			15	15	1e+06	2024-02-05	90	1	4e+05	0.0022349415558482
31	3		2023-11-29			15	15	1e+06	2024-02-05	90	2	2e+05	0.0022349415558482
31	4		2023-11-29			15	15	1e+06	2024-02-05	90	3	1e+05	0.0022349415558482
31	5	10.3643033355416	2023-11-29	3.86712344199376	0	15	15	1e+06	2024-02-05	90	4	50000	0.0022349415558482
32	1		2023-11-30			19	19	1e+06	2024-02-05	90	1	4e+05	0.00233594266690393
32	2		2023-11-30			19	19	1e+06	2024-02-05	90	1	4e+05	0.00233594266690393
32	3		2023-11-30			19	19	1e+06	2024-02-05	90	2	2e+05	0.00233594266690393
32	4		2023-11-30			19	19	1e+06	2024-02-05	90	3	1e+05	0.00233594266690393
32	5		2023-11-30			19	19	1e+06	2024-02-05	90	4	50000	0.00233594266690393
33	1		2023-12-01			16	16	1e+06	2024-02-05	90	1	4e+05	0.00244114199543507
33	2		2023-12-01			16	16	1e+06	2024-02-05	90	1	4e+05	0.00244114199543507
33	3		2023-12-01			16	16	1e+06	2024-02-05	90	2	2e+05	0.00244114199543507
33	4		2023-12-01			16	16	1e+06	2024-02-05	90	3	1e+05	0.00244114199543507
33	5	9.06315348681911	2023-12-01	3.86712344199376	0	16	16	1e+06	2024-02-05	90	4	50000	0.00244114199543507
34	1		2023-12-02			17	17	1e+06	2024-02-05	90	1	4e+05	0.00255137419422608
34	2		2023-12-02			17	17	1e+06	2024-02-05	90	1	4e+05	0.00255137419422608
34	3		2023-12-02			17	17	1e+06	2024-02-05	90	2	2e+05	0.00255137419422608
34	4		2023-12-02			17	17	1e+06	2024-02-05	90	3	1e+05	0.00255137419422608
34	5		2023-12-02			17	17	1e+06	2024-02-05	90	4	50000	0.00255137419422608
35	1		2023-12-03			15	15	1e+06	2024-02-05	90	1	4e+05	0.00266681808967801
35	2	9.62773574720005	2023-12-03	3.46396345552081	0	15	15	1e+06	2024-02-05	90	1	4e+05	0.00266681808967801
35	3	8.98340694902573	2023-12-03	4.01075017260572	0	15	15	1e+06	2024-02-05	90	2	2e+05	0.00266681808967801
35	4		2023-12-03			15	15	1e+06	2024-02-05	90	3	1e+05	0.00266681808967801
35	5	8.68576411206245	2023-12-03	3.86712344199376	0	15	15	1e+06	2024-02-05	90	4	50000	0.00266681808967801
36	1		2023-12-04			14	14	1e+06	2024-02-05	90	1	4e+05	0.00229463001235797
36	2		2023-12-04			14	14	1e+06	2024-02-05	90	1	4e+05	0.00229463001235797
36	3		2023-12-04			14	14	1e+06	2024-02-05	90	2	2e+05	0.00229463001235797
36	4	8.82036499084619	2023-12-04	3.57608017908556	0	14	14	1e+06	2024-02-05	90	3	1e+05	0.00229463001235797
36	5		2023-12-04			14	14	1e+06	2024-02-05	90	4	50000	0.00229463001235797
37	1	9.74824268632507	2023-12-05	3.80549506716936	0	22	22	1e+06	2024-02-05	90	1	4e+05	0.00232400753101634
37	2		2023-12-05			22	22	1e+06	2024-02-05	90	1	4e+05	0.00232400753101634
37	3		2023-12-05			22	22	1e+06	2024-02-05	90	2	2e+05	0.00232400753101634
37	4		2023-12-05			22	22	1e+06	2024-02-05	90	3	1e+05	0.00232400753101634
37	5		2023-12-05			22	22	1e+06	2024-02-05	90	4	50000	0.00232400753101634
38	1	9.38915688760292	2023-12-06	3.80549506716936	0	25	25	1e+06	2024-02-05	90	1	4e+05	0.00227031881582818
38	2	9.77665706884518	2023-12-06	3.46396345552081	0	25	25	1e+06	2024-02-05	90	1	4e+05	0.00227031881582818
38	3		2023-12-06			25	25	1e+06	2024-02-05	90	2	2e+05	0.00227031881582818
38	4		2023-12-06			25	25	1e+06	2024-02-05	90	3	1e+05	0.00227031881582818
38	5		2023-12-06			25	25	1e+06	2024-02-05	90	4	50000	0.00227031881582818
39	1		2023-12-07			15	15	1e+06	2024-02-05	90	1	4e+05	0.00221548429304801
39	2		2023-12-07			15	15	1e+06	2024-02-05	90	1	4e+05	0.00221548429304801
39	3		2023-12-07			15	15	1e+06	2024-02-05	90	2	2e+05	0.00221548429304801
39	4		2023-12-07			15	15	1e+06	2024-02-05	90	3	1e+05	0.00221548429304801
39	5	9.68167643822757	2023-12-07	3.86712344199376	0	15	15	1e+06	2024-02-05	90	4	50000	0.00221548429304801
40	1		2023-12-08			21	21	1e+06	2024-02-05	90	1	4e+05	0.00216555268800312
40	2		2023-12-08			21	21	1e+06	2024-02-05	90	1	4e+05	0.00216555268800312
40	3		2023-12-08			21	21	1e+06	2024-02-05	90	2	2e+05	0.00216555268800312
40	4		2023-12-08			21	21	1e+06	2024-02-05	90	3	1e+05	0.00216555268800312
40	5		2023-12-08			21	21	1e+06	2024-02-05	90	4	50000	0.00216555268800312
41	1		2023-12-09			30	30	1e+06	2024-02-05	90	1	4e+05	0.00211674308322386
41	2		2023-12-09			30	30	1e+06	2024-02-05	90	1	4e+05	0.00211674308322386
41	3		2023-12-09			30	30	1e+06	2024-02-05	90	2	2e+05	0.00211674308322386
41	4		2023-12-09			30	30	1e+06	2024-02-05	90	3	1e+05	0.00211674308322386
41	5		2023-12-09			30	30	1e+06	2024-02-05	90	4	50000	0.00211674308322386
42	1		2023-12-10			19	19	1e+06	2024-02-05	90	1	4e+05	0.00206916837552496
42	2		2023-12-10			19	19	1e+06	2024-02-05	90	1	4e+05	0.00206916837552496
42	3		2023-12-10			19	19	1e+06	2024-02-05	90	2	2e+05	0.00206916837552496
42	4		2023-12-10			19	19	1e+06	2024-02-05	90	3	1e+05	0.00206916837552496
42	5	6.64193078483244	2023-12-10	3.86712344199376	0	19	19	1e+06	2024-02-05	90	4	50000	0.00206916837552496
43	1		2023-12-11			14	14	1e+06	2024-02-05	90	1	4e+05	0.00198425201386512
43	2		2023-12-11			14	14	1e+06	2024-02-05	90	1	4e+05	0.00198425201386512
43	3		2023-12-11			14	14	1e+06	2024-02-05	90	2	2e+05	0.00198425201386512
43	4		2023-12-11			14	14	1e+06	2024-02-05	90	3	1e+05	0.00198425201386512
43	5		2023-12-11			14	14	1e+06	2024-02-05	90	4	50000	0.00198425201386512
44	1		2023-12-12			14	14	1e+06	2024-02-05	90	1	4e+05	0.00193420137020504
44	2		2023-12-12			14	14	1e+06	2024-02-05	90	1	4e+05	0.00193420137020504
44	3		2023-12-12			14	14	1e+06	2024-02-05	90	2	2e+05	0.00193420137020504
44	4		2023-12-12			14	14	1e+06	2024-02-05	90	3	1e+05	0.00193420137020504
44	5		2023-12-12			14	14	1e+06	2024-02-05	90	4	50000	0.00193420137020504
45	1		2023-12-13			21	21	1e+06	2024-02-05	90	1	4e+05	0.00187928821226127
45	2		2023-12-13			21	21	1e+06	2024-02-05	90	1	4e+05	0.00187928821226127
45	3		2023-12-13			21	21	1e+06	2024-02-05	90	2	2e+05	0.00187928821226127
45	4		2023-12-13			21	21	1e+06	2024-02-05	90	3	1e+05	0.00187928821226127
45	5	7.99235103936222	2023-12-13	3.86712344199376	0	21	21	1e+06	2024-02-05	90	4	50000	0.00187928821226127
46	1		2023-12-14			18	18	1e+06	2024-02-05	90	1	4e+05	0.00182588119935607
46	2		2023-12-14			18	18	1e+06	2024-02-05	90	1	4e+05	0.00182588119935607
46	3		2023-12-14			18	18	1e+06	2024-02-05	90	2	2e+05	0.00182588119935607
46	4		2023-12-14			18	18	1e+06	2024-02-05	90	3	1e+05	0.00182588119935607
46	5	10.4835008686585	2023-12-14	3.86712344199376	0	18	18	1e+06	2024-02-05	90	4	50000	0.00182588119935607
47	1		2023-12-15			21	21	1e+06	2024-02-05	90	1	4e+05	0.00177445076407144
47	2		2023-12-15			21	21	1e+06	2024-02-05	90	1	4e+05	0.00177445076407144
47	3		2023-12-15			21	21	1e+06	2024-02-05	90	2	2e+05	0.00177445076407144
47	4		2023-12-15			21	21	1e+06	2024-02-05	90	3	1e+05	0.00177445076407144
47	5		2023-12-15			21	21	1e+06	2024-02-05	90	4	50000	0.00177445076407144
48	1		2023-12-16			17	17	1e+06	2024-02-05	90	1	4e+05	0.0017246593197175
48	2		2023-12-16			17	17	1e+06	2024-02-05	90	1	4e+05	0.0017246593197175
48	3		2023-12-16			17	17	1e+06	2024-02-05	90	2	2e+05	0.0017246593197175
48	4		2023-12-16			17	17	1e+06	2024-02-05	90	3	1e+05	0.0017246593197175
48	5	7.77021794286154	2023-12-16	3.86712344199376	0	17	17	1e+06	2024-02-05	90	4	50000	0.0017246593197175
49	1		2023-12-17			17	17	1e+06	2024-02-05	90	1	4e+05	0.00167645012593016
49	2		2023-12-17			17	17	1e+06	2024-02-05	90	1	4e+05	0.00167645012593016
49	3		2023-12-17			17	17	1e+06	2024-02-05	90	2	2e+05	0.00167645012593016
49	4		2023-12-17			17	17	1e+06	2024-02-05	90	3	1e+05	0.00167645012593016
49	5		2023-12-17			17	17	1e+06	2024-02-05	90	4	50000	0.00167645012593016
50	1		2023-12-18			20	20	1e+06	2024-02-05	90	1	4e+05	0.00158824729708959
50	2		2023-12-18			20	20	1e+06	2024-02-05	90	1	4e+05	0.00158824729708959
50	3		2023-12-18			20	20	1e+06	2024-02-05	90	2	2e+05	0.00158824729708959
50	4		2023-12-18			20	20	1e+06	2024-02-05	90	3	1e+05	0.00158824729708959
50	5		2023-12-18			20	20	1e+06	2024-02-05	90	4	50000	0.00158824729708959
51	1		2023-12-19			25	25	1e+06	2024-02-05	90	1	4e+05	0.00153779928056313
51	2		2023-12-19			25	25	1e+06	2024-02-05	90	1	4e+05	0.00153779928056313
51	3		2023-12-19			25	25	1e+06	2024-02-05	90	2	2e+05	0.00153779928056313
51	4		2023-12-19			25	25	1e+06	2024-02-05	90	3	1e+05	0.00153779928056313
51	5	7.35970606877435	2023-12-19	3.86712344199376	0	25	25	1e+06	2024-02-05	90	4	50000	0.00153779928056313
52	1		2023-12-20			23	23	1e+06	2024-02-05	90	1	4e+05	0.00148313981255738
52	2		2023-12-20			23	23	1e+06	2024-02-05	90	1	4e+05	0.00148313981255738
52	3		2023-12-20			23	23	1e+06	2024-02-05	90	2	2e+05	0.00148313981255738
52	4		2023-12-20			23	23	1e+06	2024-02-05	90	3	1e+05	0.00148313981255738
52	5		2023-12-20			23	23	1e+06	2024-02-05	90	4	50000	0.00148313981255738
53	1		2023-12-21			15	15	1e+06	2024-02-05	90	1	4e+05	0.00143040338345784
53	2		2023-12-21			15	15	1e+06	2024-02-05	90	1	4e+05	0.00143040338345784
53	3		2023-12-21			15	15	1e+06	2024-02-05	90	2	2e+05	0.00143040338345784
53	4		2023-12-21			15	15	1e+06	2024-02-05	90	3	1e+05	0.00143040338345784
53	5	4.94160988713828	2023-12-21	3.86712344199376	0	15	15	1e+06	2024-02-05	90	4	50000	0.00143040338345784
54	1		2023-12-22			19	19	1e+06	2024-02-05	90	1	4e+05	0.00138017763674767
54	2		2023-12-22			19	19	1e+06	2024-02-05	90	1	4e+05	0.00138017763674767
54	3		2023-12-22			19	19	1e+06	2024-02-05	90	2	2e+05	0.00138017763674767
54	4		2023-12-22			19	19	1e+06	2024-02-05	90	3	1e+05	0.00138017763674767
54	5		2023-12-22			19	19	1e+06	2024-02-05	90	4	50000	0.00138017763674767
55	1		2023-12-23			14	14	1e+06	2024-02-05	90	1	4e+05	0.00133208879651221
55	2		2023-12-23			14	14	1e+06	2024-02-05	90	1	4e+05	0.00133208879651221
55	3		2023-12-23			14	14	1e+06	2024-02-05	90	2	2e+05	0.00133208879651221
55	4		2023-12-23			14	14	1e+06	2024-02-05	90	3	1e+05	0.00133208879651221
55	5		2023-12-23			14	14	1e+06	2024-02-05	90	4	50000	0.00133208879651221
56	1		2023-12-24			15	15	1e+06	2024-02-05	90	1	4e+05	0.00128602958318709
56	2		2023-12-24			15	15	1e+06	2024-02-05	90	1	4e+05	0.00128602958318709
56	3	8.63762486215468	2023-12-24	4.01075017260572	0	15	15	1e+06	2024-02-05	90	2	2e+05	0.00128602958318709
56	4		2023-12-24			15	15	1e+06	2024-02-05	90	3	1e+05	0.00128602958318709
56	5		2023-12-24			15	15	1e+06	2024-02-05	90	4	50000	0.00128602958318709
57	1		2023-12-25			18	18	1e+06	2024-02-05	90	1	4e+05	0.00127286824470429
57	2		2023-12-25			18	18	1e+06	2024-02-05	90	1	4e+05	0.00127286824470429
57	3		2023-12-25			18	18	1e+06	2024-02-05	90	2	2e+05	0.00127286824470429
57	4		2023-12-25			18	18	1e+06	2024-02-05	90	3	1e+05	0.00127286824470429
57	5	7.76148032124528	2023-12-25	3.86712344199376	0	18	18	1e+06	2024-02-05	90	4	50000	0.00127286824470429
58	1		2023-12-26			17	17	1e+06	2024-02-05	90	1	4e+05	0.00123306532431121
58	2		2023-12-26			17	17	1e+06	2024-02-05	90	1	4e+05	0.00123306532431121
58	3	9.05510064379279	2023-12-26	4.01075017260572	0	17	17	1e+06	2024-02-05	90	2	2e+05	0.00123306532431121
58	4		2023-12-26			17	17	1e+06	2024-02-05	90	3	1e+05	0.00123306532431121
58	5		2023-12-26			17	17	1e+06	2024-02-05	90	4	50000	0.00123306532431121
59	1		2023-12-27			15	15	1e+06	2024-02-05	90	1	4e+05	0.00120113303290099
59	2		2023-12-27			15	15	1e+06	2024-02-05	90	1	4e+05	0.00120113303290099
59	3		2023-12-27			15	15	1e+06	2024-02-05	90	2	2e+05	0.00120113303290099
59	4		2023-12-27			15	15	1e+06	2024-02-05	90	3	1e+05	0.00120113303290099
59	5	5.87429657105247	2023-12-27	3.86712344199376	0	15	15	1e+06	2024-02-05	90	4	50000	0.00120113303290099
60	1		2023-12-28			15	15	1e+06	2024-02-05	90	1	4e+05	0.00117034513242189
60	2		2023-12-28			15	15	1e+06	2024-02-05	90	1	4e+05	0.00117034513242189
60	3	8.76052661905076	2023-12-28	4.01075017260572	0	15	15	1e+06	2024-02-05	90	2	2e+05	0.00117034513242189
60	4		2023-12-28			15	15	1e+06	2024-02-05	90	3	1e+05	0.00117034513242189
60	5		2023-12-28			15	15	1e+06	2024-02-05	90	4	50000	0.00117034513242189
61	1		2023-12-29			16	16	1e+06	2024-02-05	90	1	4e+05	0.00114037114655214
61	2		2023-12-29			16	16	1e+06	2024-02-05	90	1	4e+05	0.00114037114655214
61	3		2023-12-29			16	16	1e+06	2024-02-05	90	2	2e+05	0.00114037114655214
61	4		2023-12-29			16	16	1e+06	2024-02-05	90	3	1e+05	0.00114037114655214
61	5		2023-12-29			16	16	1e+06	2024-02-05	90	4	50000	0.00114037114655214
62	1		2023-12-30			14	14	1e+06	2024-02-05	90	1	4e+05	0.00111147947392433
62	2		2023-12-30			14	14	1e+06	2024-02-05	90	1	4e+05	0.00111147947392433
62	3	8.78382910218133	2023-12-30	4.01075017260572	0	14	14	1e+06	2024-02-05	90	2	2e+05	0.00111147947392433
62	4		2023-12-30			14	14	1e+06	2024-02-05	90	3	1e+05	0.00111147947392433
62	5		2023-12-30			14	14	1e+06	2024-02-05	90	4	50000	0.00111147947392433
63	1		2023-12-31			21	21	1e+06	2024-02-05	90	1	4e+05	0.00108359782801036
63	2		2023-12-31			21	21	1e+06	2024-02-05	90	1	4e+05	0.00108359782801036
63	3		2023-12-31			21	21	1e+06	2024-02-05	90	2	2e+05	0.00108359782801036
63	4		2023-12-31			21	21	1e+06	2024-02-05	90	3	1e+05	0.00108359782801036
63	5	7.38108580547644	2023-12-31	3.86712344199376	0	21	21	1e+06	2024-02-05	90	4	50000	0.00108359782801036
64	1		2024-01-01			15	15	1e+06	2024-02-05	90	1	4e+05	0.000958544149071965
64	2		2024-01-01			15	15	1e+06	2024-02-05	90	1	4e+05	0.000958544149071965
64	3		2024-01-01			15	15	1e+06	2024-02-05	90	2	2e+05	0.000958544149071965
64	4		2024-01-01			15	15	1e+06	2024-02-05	90	3	1e+05	0.000958544149071965
64	5		2024-01-01			15	15	1e+06	2024-02-05	90	4	50000	0.000958544149071965
65	1	8.82362479595895	2024-01-02	3.80549506716936	0	14	14	1e+06	2024-02-05	90	1	4e+05	0.000920852323403138
65	2		2024-01-02			14	14	1e+06	2024-02-05	90	1	4e+05	0.000920852323403138
65	3		2024-01-02			14	14	1e+06	2024-02-05	90	2	2e+05	0.000920852323403138
65	4		2024-01-02			14	14	1e+06	2024-02-05	90	3	1e+05	0.000920852323403138
65	5	5.90928660433236	2024-01-02	3.86712344199376	0	14	14	1e+06	2024-02-05	90	4	50000	0.000920852323403138
66	1		2024-01-03			16	16	1e+06	2024-02-05	90	1	4e+05	0.000869425096381393
66	2		2024-01-03			16	16	1e+06	2024-02-05	90	1	4e+05	0.000869425096381393
66	3		2024-01-03			16	16	1e+06	2024-02-05	90	2	2e+05	0.000869425096381393
66	4		2024-01-03			16	16	1e+06	2024-02-05	90	3	1e+05	0.000869425096381393
66	5		2024-01-03			16	16	1e+06	2024-02-05	90	4	50000	0.000869425096381393
67	1		2024-01-04			14	14	1e+06	2024-02-05	90	1	4e+05	0.00082017174434338
67	2		2024-01-04			14	14	1e+06	2024-02-05	90	1	4e+05	0.00082017174434338
67	3		2024-01-04			14	14	1e+06	2024-02-05	90	2	2e+05	0.00082017174434338
67	4		2024-01-04			14	14	1e+06	2024-02-05	90	3	1e+05	0.00082017174434338
67	5		2024-01-04			14	14	1e+06	2024-02-05	90	4	50000	0.00082017174434338
68	1		2024-01-05			7	7	1e+06	2024-02-05	90	1	4e+05	0.000774375898920149
68	2		2024-01-05			7	7	1e+06	2024-02-05	90	1	4e+05	0.000774375898920149
68	3		2024-01-05			7	7	1e+06	2024-02-05	90	2	2e+05	0.000774375898920149
68	4		2024-01-05			7	7	1e+06	2024-02-05	90	3	1e+05	0.000774375898920149
68	5		2024-01-05			7	7	1e+06	2024-02-05	90	4	50000	0.000774375898920149
69	1		2024-01-06			12	12	1e+06	2024-02-05	90	1	4e+05	0.000731171823371798
69	2		2024-01-06			12	12	1e+06	2024-02-05	90	1	4e+05	0.000731171823371798
69	3		2024-01-06			12	12	1e+06	2024-02-05	90	2	2e+05	0.000731171823371798
69	4		2024-01-06			12	12	1e+06	2024-02-05	90	3	1e+05	0.000731171823371798
69	5	6.47983174817185	2024-01-06	3.86712344199376	0	12	12	1e+06	2024-02-05	90	4	50000	0.000731171823371798
70	1		2024-01-07			16	16	1e+06	2024-02-05	90	1	4e+05	0.000690411943226136
70	2		2024-01-07			16	16	1e+06	2024-02-05	90	1	4e+05	0.000690411943226136
70	3		2024-01-07			16	16	1e+06	2024-02-05	90	2	2e+05	0.000690411943226136
70	4		2024-01-07			16	16	1e+06	2024-02-05	90	3	1e+05	0.000690411943226136
70	5	6.38750048014559	2024-01-07	3.86712344199376	0	16	16	1e+06	2024-02-05	90	4	50000	0.000690411943226136
71	1		2024-01-08			15	15	1e+06	2024-02-05	90	1	4e+05	0.000823597224512825
71	2		2024-01-08			15	15	1e+06	2024-02-05	90	1	4e+05	0.000823597224512825
71	3		2024-01-08			15	15	1e+06	2024-02-05	90	2	2e+05	0.000823597224512825
71	4		2024-01-08			15	15	1e+06	2024-02-05	90	3	1e+05	0.000823597224512825
71	5		2024-01-08			15	15	1e+06	2024-02-05	90	4	50000	0.000823597224512825
72	1	8.46414793720768	2024-01-09	3.80549506716936	0	14	14	1e+06	2024-02-05	90	1	4e+05	0.00080748258927143
72	2		2024-01-09			14	14	1e+06	2024-02-05	90	1	4e+05	0.00080748258927143
72	3		2024-01-09			14	14	1e+06	2024-02-05	90	2	2e+05	0.00080748258927143
72	4		2024-01-09			14	14	1e+06	2024-02-05	90	3	1e+05	0.00080748258927143
72	5		2024-01-09			14	14	1e+06	2024-02-05	90	4	50000	0.00080748258927143
73	1		2024-01-10			14	14	1e+06	2024-02-05	90	1	4e+05	0.000826618103107369
73	2		2024-01-10			14	14	1e+06	2024-02-05	90	1	4e+05	0.000826618103107369
73	3		2024-01-10			14	14	1e+06	2024-02-05	90	2	2e+05	0.000826618103107369
73	4		2024-01-10			14	14	1e+06	2024-02-05	90	3	1e+05	0.000826618103107369
73	5		2024-01-10			14	14	1e+06	2024-02-05	90	4	50000	0.000826618103107369
74	1		2024-01-11			11	11	1e+06	2024-02-05	90	1	4e+05	0.000846403532211776
74	2		2024-01-11			11	11	1e+06	2024-02-05	90	1	4e+05	0.000846403532211776
74	3	8.55794315455975	2024-01-11	4.01075017260572	0	11	11	1e+06	2024-02-05	90	2	2e+05	0.000846403532211776
74	4		2024-01-11			11	11	1e+06	2024-02-05	90	3	1e+05	0.000846403532211776
74	5	5.7255505343884	2024-01-11	3.86712344199376	0	11	11	1e+06	2024-02-05	90	4	50000	0.000846403532211776
75	1		2024-01-12			8	8	1e+06	2024-02-05	90	1	4e+05	0.000865255577508535
75	2		2024-01-12			8	8	1e+06	2024-02-05	90	1	4e+05	0.000865255577508535
75	3	8.76014735348211	2024-01-12	4.01075017260572	0	8	8	1e+06	2024-02-05	90	2	2e+05	0.000865255577508535
75	4	7.61019504798106	2024-01-12	3.57608017908556	0	8	8	1e+06	2024-02-05	90	3	1e+05	0.000865255577508535
75	5		2024-01-12			8	8	1e+06	2024-02-05	90	4	50000	0.000865255577508535
76	1		2024-01-13			17	17	1e+06	2024-02-05	90	1	4e+05	0.000884800635366129
76	2		2024-01-13			17	17	1e+06	2024-02-05	90	1	4e+05	0.000884800635366129
76	3	7.56863796591067	2024-01-13	4.01075017260572	0	17	17	1e+06	2024-02-05	90	2	2e+05	0.000884800635366129
76	4		2024-01-13			17	17	1e+06	2024-02-05	90	3	1e+05	0.000884800635366129
76	5		2024-01-13			17	17	1e+06	2024-02-05	90	4	50000	0.000884800635366129
77	1	8.73956950752577	2024-01-14	3.80549506716936	0	10	10	1e+06	2024-02-05	90	1	4e+05	0.000904924166613176
77	2		2024-01-14			10	10	1e+06	2024-02-05	90	1	4e+05	0.000904924166613176
77	3		2024-01-14			10	10	1e+06	2024-02-05	90	2	2e+05	0.000904924166613176
77	4		2024-01-14			10	10	1e+06	2024-02-05	90	3	1e+05	0.000904924166613176
77	5		2024-01-14			10	10	1e+06	2024-02-05	90	4	50000	0.000904924166613176
78	1		2024-01-15			11	11	1e+06	2024-02-05	90	1	4e+05	0.000861799654799829
78	2		2024-01-15			11	11	1e+06	2024-02-05	90	1	4e+05	0.000861799654799829
78	3	8.58159558797247	2024-01-15	4.01075017260572	0	11	11	1e+06	2024-02-05	90	2	2e+05	0.000861799654799829
78	4		2024-01-15			11	11	1e+06	2024-02-05	90	3	1e+05	0.000861799654799829
78	5		2024-01-15			11	11	1e+06	2024-02-05	90	4	50000	0.000861799654799829
79	1		2024-01-16			15	15	1e+06	2024-02-05	90	1	4e+05	0.000871209204542765
79	2		2024-01-16			15	15	1e+06	2024-02-05	90	1	4e+05	0.000871209204542765
79	3		2024-01-16			15	15	1e+06	2024-02-05	90	2	2e+05	0.000871209204542765
79	4		2024-01-16			15	15	1e+06	2024-02-05	90	3	1e+05	0.000871209204542765
79	5		2024-01-16			15	15	1e+06	2024-02-05	90	4	50000	0.000871209204542765
80	1		2024-01-17			14	14	1e+06	2024-02-05	90	1	4e+05	0.000869185211053884
80	2		2024-01-17			14	14	1e+06	2024-02-05	90	1	4e+05	0.000869185211053884
80	3		2024-01-17			14	14	1e+06	2024-02-05	90	2	2e+05	0.000869185211053884
80	4		2024-01-17			14	14	1e+06	2024-02-05	90	3	1e+05	0.000869185211053884
80	5		2024-01-17			14	14	1e+06	2024-02-05	90	4	50000	0.000869185211053884
81	1		2024-01-18			8	8	1e+06	2024-02-05	90	1	4e+05	0.000867034121663692
81	2		2024-01-18			8	8	1e+06	2024-02-05	90	1	4e+05	0.000867034121663692
81	3		2024-01-18			8	8	1e+06	2024-02-05	90	2	2e+05	0.000867034121663692
81	4		2024-01-18			8	8	1e+06	2024-02-05	90	3	1e+05	0.000867034121663692
81	5	7.87700698821362	2024-01-18	3.86712344199376	0	8	8	1e+06	2024-02-05	90	4	50000	0.000867034121663692
82	1		2024-01-19			8	8	1e+06	2024-02-05	90	1	4e+05	0.000865467129392603
82	2		2024-01-19			8	8	1e+06	2024-02-05	90	1	4e+05	0.000865467129392603
82	3		2024-01-19			8	8	1e+06	2024-02-05	90	2	2e+05	0.000865467129392603
82	4		2024-01-19			8	8	1e+06	2024-02-05	90	3	1e+05	0.000865467129392603
82	5	6.44736463346304	2024-01-19	3.86712344199376	0	8	8	1e+06	2024-02-05	90	4	50000	0.000865467129392603
83	1		2024-01-20			5	5	1e+06	2024-02-05	90	1	4e+05	0.000863956372546081
83	2	8.78221834364671	2024-01-20	3.46396345552081	0	5	5	1e+06	2024-02-05	90	1	4e+05	0.000863956372546081
83	3		2024-01-20			5	5	1e+06	2024-02-05	90	2	2e+05	0.000863956372546081
83	4		2024-01-20			5	5	1e+06	2024-02-05	90	3	1e+05	0.000863956372546081
83	5		2024-01-20			5	5	1e+06	2024-02-05	90	4	50000	0.000863956372546081
84	1	8.73564069126942	2024-01-21	3.80549506716936	0	7	7	1e+06	2024-02-05	90	1	4e+05	0.000862533776479147
84	2		2024-01-21			7	7	1e+06	2024-02-05	90	1	4e+05	0.000862533776479147
84	3		2024-01-21			7	7	1e+06	2024-02-05	90	2	2e+05	0.000862533776479147
84	4		2024-01-21			7	7	1e+06	2024-02-05	90	3	1e+05	0.000862533776479147
84	5		2024-01-21			7	7	1e+06	2024-02-05	90	4	50000	0.000862533776479147
85	1	8.1183762055312	2024-01-22	3.80549506716936	0	9	9	1e+06	2024-02-05	90	1	4e+05	0.000828059442079499
85	2		2024-01-22			9	9	1e+06	2024-02-05	90	1	4e+05	0.000828059442079499
85	3	8.15121391750941	2024-01-22	4.01075017260572	0	9	9	1e+06	2024-02-05	90	2	2e+05	0.000828059442079499
85	4		2024-01-22			9	9	1e+06	2024-02-05	90	3	1e+05	0.000828059442079499
85	5		2024-01-22			9	9	1e+06	2024-02-05	90	4	50000	0.000828059442079499
86	1		2024-01-23			12	12	1e+06	2024-02-05	90	1	4e+05	0.000821602526519418
86	2		2024-01-23			12	12	1e+06	2024-02-05	90	1	4e+05	0.000821602526519418
86	3		2024-01-23			12	12	1e+06	2024-02-05	90	2	2e+05	0.000821602526519418
86	4		2024-01-23			12	12	1e+06	2024-02-05	90	3	1e+05	0.000821602526519418
86	5		2024-01-23			12	12	1e+06	2024-02-05	90	4	50000	0.000821602526519418
87	1		2024-01-24			6	6	1e+06	2024-02-05	90	1	4e+05	0.000809336965969484
87	2		2024-01-24			6	6	1e+06	2024-02-05	90	1	4e+05	0.000809336965969484
87	3		2024-01-24			6	6	1e+06	2024-02-05	90	2	2e+05	0.000809336965969484
87	4		2024-01-24			6	6	1e+06	2024-02-05	90	3	1e+05	0.000809336965969484
87	5	7.68024834932647	2024-01-24	3.86712344199376	0	6	6	1e+06	2024-02-05	90	4	50000	0.000809336965969484
88	1		2024-01-25			14	14	1e+06	2024-02-05	90	1	4e+05	0.00079714225263375
88	2		2024-01-25			14	14	1e+06	2024-02-05	90	1	4e+05	0.00079714225263375
88	3		2024-01-25			14	14	1e+06	2024-02-05	90	2	2e+05	0.00079714225263375
88	4		2024-01-25			14	14	1e+06	2024-02-05	90	3	1e+05	0.00079714225263375
88	5		2024-01-25			14	14	1e+06	2024-02-05	90	4	50000	0.00079714225263375
89	1		2024-01-26			10	10	1e+06	2024-02-05	90	1	4e+05	0.000785402041327787
89	2		2024-01-26			10	10	1e+06	2024-02-05	90	1	4e+05	0.000785402041327787
89	3		2024-01-26			10	10	1e+06	2024-02-05	90	2	2e+05	0.000785402041327787
89	4		2024-01-26			10	10	1e+06	2024-02-05	90	3	1e+05	0.000785402041327787
89	5		2024-01-26			10	10	1e+06	2024-02-05	90	4	50000	0.000785402041327787
90	1	8.9193378512175	2024-01-27	3.80549506716936	0	6	6	1e+06	2024-02-05	90	1	4e+05	0.00077384613079932
90	2		2024-01-27			6	6	1e+06	2024-02-05	90	1	4e+05	0.00077384613079932
90	3	8.13157806042153	2024-01-27	4.01075017260572	0	6	6	1e+06	2024-02-05	90	2	2e+05	0.00077384613079932
90	4		2024-01-27			6	6	1e+06	2024-02-05	90	3	1e+05	0.00077384613079932
90	5		2024-01-27			6	6	1e+06	2024-02-05	90	4	50000	0.00077384613079932
91	1		2024-01-28				9	1e+06	2024-02-05	90	1	4e+05	0.000762484020063359
91	2		2024-01-28				9	1e+06	2024-02-05	90	1	4e+05	0.000762484020063359
91	3		2024-01-28				9	1e+06	2024-02-05	90	2	2e+05	0.000762484020063359
91	4		2024-01-28				9	1e+06	2024-02-05	90	3	1e+05	0.000762484020063359
91	5	6.79403430928	2024-01-28	3.86712344199376	0		9	1e+06	2024-02-05	90	4	50000	0.000762484020063359
92	1		2024-01-29				6	1e+06	2024-02-05	90	1	4e+05	0.000799766434578809
92	2		2024-01-29				6	1e+06	2024-02-05	90	1	4e+05	0.000799766434578809
92	3		2024-01-29				6	1e+06	2024-02-05	90	2	2e+05	0.000799766434578809
92	4		2024-01-29				6	1e+06	2024-02-05	90	3	1e+05	0.000799766434578809
92	5		2024-01-29				6	1e+06	2024-02-05	90	4	50000	0.000799766434578809
93	1		2024-01-30				12	1e+06	2024-02-05	90	1	4e+05	0.000795992564634426
93	2		2024-01-30				12	1e+06	2024-02-05	90	1	4e+05	0.000795992564634426
93	3		2024-01-30				12	1e+06	2024-02-05	90	2	2e+05	0.000795992564634426
93	4		2024-01-30				12	1e+06	2024-02-05	90	3	1e+05	0.000795992564634426
93	5		2024-01-30				12	1e+06	2024-02-05	90	4	50000	0.000795992564634426
94	1		2024-01-31				8	1e+06	2024-02-05	90	1	4e+05	0.00080150456741431
94	2		2024-01-31				8	1e+06	2024-02-05	90	1	4e+05	0.00080150456741431
94	3		2024-01-31				8	1e+06	2024-02-05	90	2	2e+05	0.00080150456741431
94	4		2024-01-31				8	1e+06	2024-02-05	90	3	1e+05	0.00080150456741431
94	5		2024-01-31				8	1e+06	2024-02-05	90	4	50000	0.00080150456741431
95	1		2024-02-01				9	1e+06	2024-02-05	90	1	4e+05	0.000807169781043701
95	2		2024-02-01				9	1e+06	2024-02-05	90	1	4e+05	0.000807169781043701
95	3		2024-02-01				9	1e+06	2024-02-05	90	2	2e+05	0.000807169781043701
95	4		2024-02-01				9	1e+06	2024-02-05	90	3	1e+05	0.000807169781043701
95	5		2024-02-01				9	1e+06	2024-02-05	90	4	50000	0.000807169781043701
96	1		2024-02-02				7	1e+06	2024-02-05	90	1	4e+05	0.000812483294133183
96	2		2024-02-02				7	1e+06	2024-02-05	90	1	4e+05	0.000812483294133183
96	3		2024-02-02				7	1e+06	2024-02-05	90	2	2e+05	0.000812483294133183
96	4		2024-02-02				7	1e+06	2024-02-05	90	3	1e+05	0.000812483294133183
96	5		2024-02-02				7	1e+06	2024-02-05	90	4	50000	0.000812483294133183
97	1		2024-02-03				7	1e+06	2024-02-05	90	1	4e+05	0.000817868754252128
97	2		2024-02-03				7	1e+06	2024-02-05	90	1	4e+05	0.000817868754252128
97	3		2024-02-03				7	1e+06	2024-02-05	90	2	2e+05	0.000817868754252128
97	4		2024-02-03				7	1e+06	2024-02-05	90	3	1e+05	0.000817868754252128
97	5		2024-02-03				7	1e+06	2024-02-05	90	4	50000	0.000817868754252128
98	1		2024-02-04				9	1e+06	2024-02-05	90	1	4e+05	0.000823297300314913
98	2		2024-02-04				9	1e+06	2024-02-05	90	1	4e+05	0.000823297300314913
98	3		2024-02-04				9	1e+06	2024-02-05	90	2	2e+05	0.000823297300314913
98	4		2024-02-04				9	1e+06	2024-02-05	90	3	1e+05	0.000823297300314913
98	5		2024-02-04				9	1e+06	2024-02-05	90	4	50000	0.000823297300314913
99	1		2024-02-05				8	1e+06	2024-02-05	90	1	4e+05	0.000849209201833048
99	2		2024-02-05				8	1e+06	2024-02-05	90	1	4e+05	0.000849209201833048
99	3		2024-02-05				8	1e+06	2024-02-05	90	2	2e+05	0.000849209201833048
99	4		2024-02-05				8	1e+06	2024-02-05	90	3	1e+05	0.000849209201833048
99	5		2024-02-05				8	1e+06	2024-02-05	90	4	50000	0.000849209201833048
100	1		2024-02-06				7	1e+06	2024-02-05	90	1	4e+05	0.000858305930407811
100	2		2024-02-06				7	1e+06	2024-02-05	90	1	4e+05	0.000858305930407811
100	3		2024-02-06				7	1e+06	2024-02-05	90	2	2e+05	0.000858305930407811
100	4		2024-02-06				7	1e+06	2024-02-05	90	3	1e+05	0.000858305930407811
100	5		2024-02-06				7	1e+06	2024-02-05	90	4	50000	0.000858305930407811
101	1		2024-02-07				4	1e+06	2024-02-05	90	1	4e+05	0.000871552235784833
101	2		2024-02-07				4	1e+06	2024-02-05	90	1	4e+05	0.000871552235784833
101	3		2024-02-07				4	1e+06	2024-02-05	90	2	2e+05	0.000871552235784833
101	4		2024-02-07				4	1e+06	2024-02-05	90	3	1e+05	0.000871552235784833
101	5		2024-02-07				4	1e+06	2024-02-05	90	4	50000	0.000871552235784833
102	1		2024-02-08				8	1e+06	2024-02-05	90	1	4e+05	0.000885062046142915
102	2		2024-02-08				8	1e+06	2024-02-05	90	1	4e+05	0.000885062046142915
102	3		2024-02-08				8	1e+06	2024-02-05	90	2	2e+05	0.000885062046142915
102	4		2024-02-08				8	1e+06	2024-02-05	90	3	1e+05	0.000885062046142915
102	5		2024-02-08				8	1e+06	2024-02-05	90	4	50000	0.000885062046142915
103	1		2024-02-09				7	1e+06	2024-02-05	90	1	4e+05	0.000898653655708608
103	2		2024-02-09				7	1e+06	2024-02-05	90	1	4e+05	0.000898653655708608
103	3		2024-02-09				7	1e+06	2024-02-05	90	2	2e+05	0.000898653655708608
103	4		2024-02-09				7	1e+06	2024-02-05	90	3	1e+05	0.000898653655708608
103	5		2024-02-09				7	1e+06	2024-02-05	90	4	50000	0.000898653655708608
104	1		2024-02-10				7	1e+06	2024-02-05	90	1	4e+05	0.000912511967918031
104	2		2024-02-10				7	1e+06	2024-02-05	90	1	4e+05	0.000912511967918031
104	3		2024-02-10				7	1e+06	2024-02-05	90	2	2e+05	0.000912511967918031
104	4		2024-02-10				7	1e+06	2024-02-05	90	3	1e+05	0.000912511967918031
104	5		2024-02-10				7	1e+06	2024-02-05	90	4	50000	0.000912511967918031
105	1		2024-02-11				12	1e+06	2024-02-05	90	1	4e+05	0.000926626990018999
105	2		2024-02-11				12	1e+06	2024-02-05	90	1	4e+05	0.000926626990018999
105	3		2024-02-11				12	1e+06	2024-02-05	90	2	2e+05	0.000926626990018999
105	4		2024-02-11				12	1e+06	2024-02-05	90	3	1e+05	0.000926626990018999
105	5		2024-02-11				12	1e+06	2024-02-05	90	4	50000	0.000926626990018999
106	1		2024-02-12				7	1e+06	2024-02-05	90	1	4e+05	0.000913341840074717
106	2		2024-02-12				7	1e+06	2024-02-05	90	1	4e+05	0.000913341840074717
106	3		2024-02-12				7	1e+06	2024-02-05	90	2	2e+05	0.000913341840074717
106	4		2024-02-12				7	1e+06	2024-02-05	90	3	1e+05	0.000913341840074717
106	5		2024-02-12				7	1e+06	2024-02-05	90	4	50000	0.000913341840074717
107	1		2024-02-13				7	1e+06	2024-02-05	90	1	4e+05	0.000922896656445218
107	2		2024-02-13				7	1e+06	2024-02-05	90	1	4e+05	0.000922896656445218
107	3		2024-02-13				7	1e+06	2024-02-05	90	2	2e+05	0.000922896656445218
107	4		2024-02-13				7	1e+06	2024-02-05	90	3	1e+05	0.000922896656445218
107	5		2024-02-13				7	1e+06	2024-02-05	90	4	50000	0.000922896656445218
108	1		2024-02-14				7	1e+06	2024-02-05	90	1	4e+05	0.000927528395146316
108	2		2024-02-14				7	1e+06	2024-02-05	90	1	4e+05	0.000927528395146316
108	3		2024-02-14				7	1e+06	2024-02-05	90	2	2e+05	0.000927528395146316
108	4		2024-02-14				7	1e+06	2024-02-05	90	3	1e+05	0.000927528395146316
108	5		2024-02-14				7	1e+06	2024-02-05	90	4	50000	0.000927528395146316
109	1		2024-02-15				8	1e+06	2024-02-05	90	1	4e+05	0.000932136792469634
109	2		2024-02-15				8	1e+06	2024-02-05	90	1	4e+05	0.000932136792469634
109	3		2024-02-15				8	1e+06	2024-02-05	90	2	2e+05	0.000932136792469634
109	4		2024-02-15				8	1e+06	2024-02-05	90	3	1e+05	0.000932136792469634
109	5		2024-02-15				8	1e+06	2024-02-05	90	4	50000	0.000932136792469634
110	1		2024-02-16				4	1e+06	2024-02-05	90	1	4e+05	0.000937028946642744
110	2		2024-02-16				4	1e+06	2024-02-05	90	1	4e+05	0.000937028946642744
110	3		2024-02-16				4	1e+06	2024-02-05	90	2	2e+05	0.000937028946642744
110	4		2024-02-16				4	1e+06	2024-02-05	90	3	1e+05	0.000937028946642744
110	5		2024-02-16				4	1e+06	2024-02-05	90	4	50000	0.000937028946642744
111	1		2024-02-17				7	1e+06	2024-02-05	90	1	4e+05	0.00094197897176175
111	2		2024-02-17				7	1e+06	2024-02-05	90	1	4e+05	0.00094197897176175
111	3		2024-02-17				7	1e+06	2024-02-05	90	2	2e+05	0.00094197897176175
111	4		2024-02-17				7	1e+06	2024-02-05	90	3	1e+05	0.00094197897176175
111	5		2024-02-17				7	1e+06	2024-02-05	90	4	50000	0.00094197897176175
112	1		2024-02-18				5	1e+06	2024-02-05	90	1	4e+05	0.000947000679861772
112	2		2024-02-18				5	1e+06	2024-02-05	90	1	4e+05	0.000947000679861772
112	3		2024-02-18				5	1e+06	2024-02-05	90	2	2e+05	0.000947000679861772
112	4		2024-02-18				5	1e+06	2024-02-05	90	3	1e+05	0.000947000679861772
112	5		2024-02-18				5	1e+06	2024-02-05	90	4	50000	0.000947000679861772
113	1		2024-02-19				10	1e+06	2024-02-05	90	1	4e+05	0.00102938326874019
113	2		2024-02-19				10	1e+06	2024-02-05	90	1	4e+05	0.00102938326874019
113	3		2024-02-19				10	1e+06	2024-02-05	90	2	2e+05	0.00102938326874019
113	4		2024-02-19				10	1e+06	2024-02-05	90	3	1e+05	0.00102938326874019
113	5		2024-02-19				10	1e+06	2024-02-05	90	4	50000	0.00102938326874019
114	1		2024-02-20				3	1e+06	2024-02-05	90	1	4e+05	0.00104861781078916
114	2		2024-02-20				3	1e+06	2024-02-05	90	1	4e+05	0.00104861781078916
114	3		2024-02-20				3	1e+06	2024-02-05	90	2	2e+05	0.00104861781078916
114	4		2024-02-20				3	1e+06	2024-02-05	90	3	1e+05	0.00104861781078916
114	5		2024-02-20				3	1e+06	2024-02-05	90	4	50000	0.00104861781078916
115	1		2024-02-21				10	1e+06	2024-02-05	90	1	4e+05	0.00108392374299587
115	2		2024-02-21				10	1e+06	2024-02-05	90	1	4e+05	0.00108392374299587
115	3		2024-02-21				10	1e+06	2024-02-05	90	2	2e+05	0.00108392374299587
115	4		2024-02-21				10	1e+06	2024-02-05	90	3	1e+05	0.00108392374299587
115	5		2024-02-21				10	1e+06	2024-02-05	90	4	50000	0.00108392374299587
116	1		2024-02-22				6	1e+06	2024-02-05	90	1	4e+05	0.00112041404060539
116	2		2024-02-22				6	1e+06	2024-02-05	90	1	4e+05	0.00112041404060539
116	3		2024-02-22				6	1e+06	2024-02-05	90	2	2e+05	0.00112041404060539
116	4		2024-02-22				6	1e+06	2024-02-05	90	3	1e+05	0.00112041404060539
116	5		2024-02-22				6	1e+06	2024-02-05	90	4	50000	0.00112041404060539
117	1		2024-02-23				9	1e+06	2024-02-05	90	1	4e+05	0.00115746811066289
117	2		2024-02-23				9	1e+06	2024-02-05	90	1	4e+05	0.00115746811066289
117	3		2024-02-23				9	1e+06	2024-02-05	90	2	2e+05	0.00115746811066289
117	4		2024-02-23				9	1e+06	2024-02-05	90	3	1e+05	0.00115746811066289
117	5		2024-02-23				9	1e+06	2024-02-05	90	4	50000	0.00115746811066289
118	1		2024-02-24				7	1e+06	2024-02-05	90	1	4e+05	0.00119582408925606
118	2		2024-02-24				7	1e+06	2024-02-05	90	1	4e+05	0.00119582408925606
118	3		2024-02-24				7	1e+06	2024-02-05	90	2	2e+05	0.00119582408925606
118	4		2024-02-24				7	1e+06	2024-02-05	90	3	1e+05	0.00119582408925606
118	5		2024-02-24				7	1e+06	2024-02-05	90	4	50000	0.00119582408925606
119	1		2024-02-25				7	1e+06	2024-02-05	90	1	4e+05	0.00123545884649584
119	2		2024-02-25				7	1e+06	2024-02-05	90	1	4e+05	0.00123545884649584
119	3		2024-02-25				7	1e+06	2024-02-05	90	2	2e+05	0.00123545884649584
119	4		2024-02-25				7	1e+06	2024-02-05	90	3	1e+05	0.00123545884649584
119	5		2024-02-25				7	1e+06	2024-02-05	90	4	50000	0.00123545884649584
120	1		2024-02-26				6	1e+06	2024-02-05	90	1	4e+05	0.00131953405788595
120	2		2024-02-26				6	1e+06	2024-02-05	90	1	4e+05	0.00131953405788595
120	3		2024-02-26				6	1e+06	2024-02-05	90	2	2e+05	0.00131953405788595
120	4		2024-02-26				6	1e+06	2024-02-05	90	3	1e+05	0.00131953405788595
120	5		2024-02-26				6	1e+06	2024-02-05	90	4	50000	0.00131953405788595
121	1		2024-02-27				7	1e+06	2024-02-05	90	1	4e+05	0.00137118304332127
121	2		2024-02-27				7	1e+06	2024-02-05	90	1	4e+05	0.00137118304332127
121	3		2024-02-27				7	1e+06	2024-02-05	90	2	2e+05	0.00137118304332127
121	4		2024-02-27				7	1e+06	2024-02-05	90	3	1e+05	0.00137118304332127
121	5		2024-02-27				7	1e+06	2024-02-05	90	4	50000	0.00137118304332127
122	1		2024-02-28				14	1e+06	2024-02-05	90	1	4e+05	0.00143382583178741
122	2		2024-02-28				14	1e+06	2024-02-05	90	1	4e+05	0.00143382583178741
122	3		2024-02-28				14	1e+06	2024-02-05	90	2	2e+05	0.00143382583178741
122	4		2024-02-28				14	1e+06	2024-02-05	90	3	1e+05	0.00143382583178741
122	5		2024-02-28				14	1e+06	2024-02-05	90	4	50000	0.00143382583178741
123	1		2024-02-29				13	1e+06	2024-02-05	90	1	4e+05	0.00149928295317067
123	2		2024-02-29				13	1e+06	2024-02-05	90	1	4e+05	0.00149928295317067
123	3		2024-02-29				13	1e+06	2024-02-05	90	2	2e+05	0.00149928295317067
123	4		2024-02-29				13	1e+06	2024-02-05	90	3	1e+05	0.00149928295317067
123	5		2024-02-29				13	1e+06	2024-02-05	90	4	50000	0.00149928295317067
124	1		2024-03-01				9	1e+06	2024-02-05	90	1	4e+05	0.00156736770858743
124	2		2024-03-01				9	1e+06	2024-02-05	90	1	4e+05	0.00156736770858743
124	3		2024-03-01				9	1e+06	2024-02-05	90	2	2e+05	0.00156736770858743
124	4		2024-03-01				9	1e+06	2024-02-05	90	3	1e+05	0.00156736770858743
124	5		2024-03-01				9	1e+06	2024-02-05	90	4	50000	0.00156736770858743
125	1		2024-03-02				15	1e+06	2024-02-05	90	1	4e+05	0.00163860318776472
125	2		2024-03-02				15	1e+06	2024-02-05	90	1	4e+05	0.00163860318776472
125	3		2024-03-02				15	1e+06	2024-02-05	90	2	2e+05	0.00163860318776472
125	4		2024-03-02				15	1e+06	2024-02-05	90	3	1e+05	0.00163860318776472
125	5		2024-03-02				15	1e+06	2024-02-05	90	4	50000	0.00163860318776472
126	1		2024-03-03				10	1e+06	2024-02-05	90	1	4e+05	0.00171309115137499
126	2		2024-03-03				10	1e+06	2024-02-05	90	1	4e+05	0.00171309115137499
126	3		2024-03-03				10	1e+06	2024-02-05	90	2	2e+05	0.00171309115137499
126	4		2024-03-03				10	1e+06	2024-02-05	90	3	1e+05	0.00171309115137499
126	5		2024-03-03				10	1e+06	2024-02-05	90	4	50000	0.00171309115137499
127	1		2024-03-04				10	1e+06	2024-02-05	90	1	4e+05	0.00163994741751005
127	2		2024-03-04				10	1e+06	2024-02-05	90	1	4e+05	0.00163994741751005
127	3		2024-03-04				10	1e+06	2024-02-05	90	2	2e+05	0.00163994741751005
127	4		2024-03-04				10	1e+06	2024-02-05	90	3	1e+05	0.00163994741751005
127	5		2024-03-04				10	1e+06	2024-02-05	90	4	50000	0.00163994741751005
